700001,Question_Content,1, 1, Question_Title_FOR_TEST_CHANGE_STATE, PENDING, 2, JUSTIFICATION,2
700003,Question_Content,1, 1, Question_Title_FOR_TEST_CHANGE_STATE, PENDING, 2, JUSTIFICATION,2
700006,Question_Content,1, 1, Question_Title_FOR_TEST_CHANGE_STATE, PENDING, 2, JUSTIFICATION,2
700010,Question_Content,1, 1, Question_Title_FOR_TEST_CHANGE_STATE, PENDING, 2, JUSTIFICATION,2
700015,Question_Content,1, 1, Question_Title_FOR_TEST_CHANGE_STATE, PENDING, 2, JUSTIFICATION,2
700021,Question_Content,1, 1, Question_Title_FOR_TEST_CHANGE_STATE, PENDING, 2, JUSTIFICATION,2
700028,Question_Content,1, 1, Question_Title_FOR_TEST_CHANGE_STATE, PENDING, 2, JUSTIFICATION,2
700036,Question_Content,1, 1, Question_Title_FOR_TEST_CHANGE_STATE, PENDING, 2, JUSTIFICATION,2
700045,Question_Content,1, 1, Question_Title_FOR_TEST_CHANGE_STATE, PENDING, 2, JUSTIFICATION,2
700055,Question_Content,1, 1, Question_Title_FOR_TEST_CHANGE_STATE, PENDING, 2, JUSTIFICATION,2
700066,Question_Content,1, 1, Question_Title_FOR_TEST_CHANGE_STATE, PENDING, 2, JUSTIFICATION,2
700078,Question_Content,1, 1, Question_Title_FOR_TEST_CHANGE_STATE, PENDING, 2, JUSTIFICATION,2
700091,Question_Content,1, 1, Question_Title_FOR_TEST_CHANGE_STATE, PENDING, 2, JUSTIFICATION,2
700105,Question_Content,1, 1, Question_Title_FOR_TEST_CHANGE_STATE, PENDING, 2, JUSTIFICATION,2
700120,Question_Content,1, 1, Question_Title_FOR_TEST_CHANGE_STATE, PENDING, 2, JUSTIFICATION,2
700136,Question_Content,1, 1, Question_Title_FOR_TEST_CHANGE_STATE, PENDING, 2, JUSTIFICATION,2
700153,Question_Content,1, 1, Question_Title_FOR_TEST_CHANGE_STATE, PENDING, 2, JUSTIFICATION,2
700171,Question_Content,1, 1, Question_Title_FOR_TEST_CHANGE_STATE, PENDING, 2, JUSTIFICATION,2
700190,Question_Content,1, 1, Question_Title_FOR_TEST_CHANGE_STATE, PENDING, 2, JUSTIFICATION,2
700210,Question_Content,1, 1, Question_Title_FOR_TEST_CHANGE_STATE, PENDING, 2, JUSTIFICATION,2
700231,Question_Content,1, 1, Question_Title_FOR_TEST_CHANGE_STATE, PENDING, 2, JUSTIFICATION,2
700253,Question_Content,1, 1, Question_Title_FOR_TEST_CHANGE_STATE, PENDING, 2, JUSTIFICATION,2
700276,Question_Content,1, 1, Question_Title_FOR_TEST_CHANGE_STATE, PENDING, 2, JUSTIFICATION,2
700300,Question_Content,1, 1, Question_Title_FOR_TEST_CHANGE_STATE, PENDING, 2, JUSTIFICATION,2
700325,Question_Content,1, 1, Question_Title_FOR_TEST_CHANGE_STATE, PENDING, 2, JUSTIFICATION,2
700351,Question_Content,1, 1, Question_Title_FOR_TEST_CHANGE_STATE, PENDING, 2, JUSTIFICATION,2
700378,Question_Content,1, 1, Question_Title_FOR_TEST_CHANGE_STATE, PENDING, 2, JUSTIFICATION,2
700406,Question_Content,1, 1, Question_Title_FOR_TEST_CHANGE_STATE, PENDING, 2, JUSTIFICATION,2
700435,Question_Content,1, 1, Question_Title_FOR_TEST_CHANGE_STATE, PENDING, 2, JUSTIFICATION,2
700465,Question_Content,1, 1, Question_Title_FOR_TEST_CHANGE_STATE, PENDING, 2, JUSTIFICATION,2
700496,Question_Content,1, 1, Question_Title_FOR_TEST_CHANGE_STATE, PENDING, 2, JUSTIFICATION,2
700528,Question_Content,1, 1, Question_Title_FOR_TEST_CHANGE_STATE, PENDING, 2, JUSTIFICATION,2
700561,Question_Content,1, 1, Question_Title_FOR_TEST_CHANGE_STATE, PENDING, 2, JUSTIFICATION,2
700595,Question_Content,1, 1, Question_Title_FOR_TEST_CHANGE_STATE, PENDING, 2, JUSTIFICATION,2
700630,Question_Content,1, 1, Question_Title_FOR_TEST_CHANGE_STATE, PENDING, 2, JUSTIFICATION,2
700666,Question_Content,1, 1, Question_Title_FOR_TEST_CHANGE_STATE, PENDING, 2, JUSTIFICATION,2
700703,Question_Content,1, 1, Question_Title_FOR_TEST_CHANGE_STATE, PENDING, 2, JUSTIFICATION,2
700741,Question_Content,1, 1, Question_Title_FOR_TEST_CHANGE_STATE, PENDING, 2, JUSTIFICATION,2
700780,Question_Content,1, 1, Question_Title_FOR_TEST_CHANGE_STATE, PENDING, 2, JUSTIFICATION,2
700820,Question_Content,1, 1, Question_Title_FOR_TEST_CHANGE_STATE, PENDING, 2, JUSTIFICATION,2
700861,Question_Content,1, 1, Question_Title_FOR_TEST_CHANGE_STATE, PENDING, 2, JUSTIFICATION,2
700903,Question_Content,1, 1, Question_Title_FOR_TEST_CHANGE_STATE, PENDING, 2, JUSTIFICATION,2
700946,Question_Content,1, 1, Question_Title_FOR_TEST_CHANGE_STATE, PENDING, 2, JUSTIFICATION,2
700990,Question_Content,1, 1, Question_Title_FOR_TEST_CHANGE_STATE, PENDING, 2, JUSTIFICATION,2
701035,Question_Content,1, 1, Question_Title_FOR_TEST_CHANGE_STATE, PENDING, 2, JUSTIFICATION,2
701081,Question_Content,1, 1, Question_Title_FOR_TEST_CHANGE_STATE, PENDING, 2, JUSTIFICATION,2
701128,Question_Content,1, 1, Question_Title_FOR_TEST_CHANGE_STATE, PENDING, 2, JUSTIFICATION,2
701176,Question_Content,1, 1, Question_Title_FOR_TEST_CHANGE_STATE, PENDING, 2, JUSTIFICATION,2
701225,Question_Content,1, 1, Question_Title_FOR_TEST_CHANGE_STATE, PENDING, 2, JUSTIFICATION,2
701275,Question_Content,1, 1, Question_Title_FOR_TEST_CHANGE_STATE, PENDING, 2, JUSTIFICATION,2
701326,Question_Content,1, 1, Question_Title_FOR_TEST_CHANGE_STATE, PENDING, 2, JUSTIFICATION,2
701378,Question_Content,1, 1, Question_Title_FOR_TEST_CHANGE_STATE, PENDING, 2, JUSTIFICATION,2
701431,Question_Content,1, 1, Question_Title_FOR_TEST_CHANGE_STATE, PENDING, 2, JUSTIFICATION,2
701485,Question_Content,1, 1, Question_Title_FOR_TEST_CHANGE_STATE, PENDING, 2, JUSTIFICATION,2
701540,Question_Content,1, 1, Question_Title_FOR_TEST_CHANGE_STATE, PENDING, 2, JUSTIFICATION,2
701596,Question_Content,1, 1, Question_Title_FOR_TEST_CHANGE_STATE, PENDING, 2, JUSTIFICATION,2
701653,Question_Content,1, 1, Question_Title_FOR_TEST_CHANGE_STATE, PENDING, 2, JUSTIFICATION,2
701711,Question_Content,1, 1, Question_Title_FOR_TEST_CHANGE_STATE, PENDING, 2, JUSTIFICATION,2
701770,Question_Content,1, 1, Question_Title_FOR_TEST_CHANGE_STATE, PENDING, 2, JUSTIFICATION,2
701830,Question_Content,1, 1, Question_Title_FOR_TEST_CHANGE_STATE, PENDING, 2, JUSTIFICATION,2
701891,Question_Content,1, 1, Question_Title_FOR_TEST_CHANGE_STATE, PENDING, 2, JUSTIFICATION,2
701953,Question_Content,1, 1, Question_Title_FOR_TEST_CHANGE_STATE, PENDING, 2, JUSTIFICATION,2
702016,Question_Content,1, 1, Question_Title_FOR_TEST_CHANGE_STATE, PENDING, 2, JUSTIFICATION,2
702080,Question_Content,1, 1, Question_Title_FOR_TEST_CHANGE_STATE, PENDING, 2, JUSTIFICATION,2
702145,Question_Content,1, 1, Question_Title_FOR_TEST_CHANGE_STATE, PENDING, 2, JUSTIFICATION,2
702211,Question_Content,1, 1, Question_Title_FOR_TEST_CHANGE_STATE, PENDING, 2, JUSTIFICATION,2
702278,Question_Content,1, 1, Question_Title_FOR_TEST_CHANGE_STATE, PENDING, 2, JUSTIFICATION,2
702346,Question_Content,1, 1, Question_Title_FOR_TEST_CHANGE_STATE, PENDING, 2, JUSTIFICATION,2
702415,Question_Content,1, 1, Question_Title_FOR_TEST_CHANGE_STATE, PENDING, 2, JUSTIFICATION,2
702485,Question_Content,1, 1, Question_Title_FOR_TEST_CHANGE_STATE, PENDING, 2, JUSTIFICATION,2
702556,Question_Content,1, 1, Question_Title_FOR_TEST_CHANGE_STATE, PENDING, 2, JUSTIFICATION,2
702628,Question_Content,1, 1, Question_Title_FOR_TEST_CHANGE_STATE, PENDING, 2, JUSTIFICATION,2
702701,Question_Content,1, 1, Question_Title_FOR_TEST_CHANGE_STATE, PENDING, 2, JUSTIFICATION,2
702775,Question_Content,1, 1, Question_Title_FOR_TEST_CHANGE_STATE, PENDING, 2, JUSTIFICATION,2
702850,Question_Content,1, 1, Question_Title_FOR_TEST_CHANGE_STATE, PENDING, 2, JUSTIFICATION,2
702926,Question_Content,1, 1, Question_Title_FOR_TEST_CHANGE_STATE, PENDING, 2, JUSTIFICATION,2
703003,Question_Content,1, 1, Question_Title_FOR_TEST_CHANGE_STATE, PENDING, 2, JUSTIFICATION,2
703081,Question_Content,1, 1, Question_Title_FOR_TEST_CHANGE_STATE, PENDING, 2, JUSTIFICATION,2
703160,Question_Content,1, 1, Question_Title_FOR_TEST_CHANGE_STATE, PENDING, 2, JUSTIFICATION,2
703240,Question_Content,1, 1, Question_Title_FOR_TEST_CHANGE_STATE, PENDING, 2, JUSTIFICATION,2
703321,Question_Content,1, 1, Question_Title_FOR_TEST_CHANGE_STATE, PENDING, 2, JUSTIFICATION,2
703403,Question_Content,1, 1, Question_Title_FOR_TEST_CHANGE_STATE, PENDING, 2, JUSTIFICATION,2
703486,Question_Content,1, 1, Question_Title_FOR_TEST_CHANGE_STATE, PENDING, 2, JUSTIFICATION,2
703570,Question_Content,1, 1, Question_Title_FOR_TEST_CHANGE_STATE, PENDING, 2, JUSTIFICATION,2
703655,Question_Content,1, 1, Question_Title_FOR_TEST_CHANGE_STATE, PENDING, 2, JUSTIFICATION,2
703741,Question_Content,1, 1, Question_Title_FOR_TEST_CHANGE_STATE, PENDING, 2, JUSTIFICATION,2
703828,Question_Content,1, 1, Question_Title_FOR_TEST_CHANGE_STATE, PENDING, 2, JUSTIFICATION,2
703916,Question_Content,1, 1, Question_Title_FOR_TEST_CHANGE_STATE, PENDING, 2, JUSTIFICATION,2
704005,Question_Content,1, 1, Question_Title_FOR_TEST_CHANGE_STATE, PENDING, 2, JUSTIFICATION,2
704095,Question_Content,1, 1, Question_Title_FOR_TEST_CHANGE_STATE, PENDING, 2, JUSTIFICATION,2
704186,Question_Content,1, 1, Question_Title_FOR_TEST_CHANGE_STATE, PENDING, 2, JUSTIFICATION,2
704278,Question_Content,1, 1, Question_Title_FOR_TEST_CHANGE_STATE, PENDING, 2, JUSTIFICATION,2
704371,Question_Content,1, 1, Question_Title_FOR_TEST_CHANGE_STATE, PENDING, 2, JUSTIFICATION,2
704465,Question_Content,1, 1, Question_Title_FOR_TEST_CHANGE_STATE, PENDING, 2, JUSTIFICATION,2
704560,Question_Content,1, 1, Question_Title_FOR_TEST_CHANGE_STATE, PENDING, 2, JUSTIFICATION,2
704656,Question_Content,1, 1, Question_Title_FOR_TEST_CHANGE_STATE, PENDING, 2, JUSTIFICATION,2
704753,Question_Content,1, 1, Question_Title_FOR_TEST_CHANGE_STATE, PENDING, 2, JUSTIFICATION,2
704851,Question_Content,1, 1, Question_Title_FOR_TEST_CHANGE_STATE, PENDING, 2, JUSTIFICATION,2
704950,Question_Content,1, 1, Question_Title_FOR_TEST_CHANGE_STATE, PENDING, 2, JUSTIFICATION,2
705050,Question_Content,1, 1, Question_Title_FOR_TEST_CHANGE_STATE, PENDING, 2, JUSTIFICATION,2
705151,Question_Content,1, 1, Question_Title_FOR_TEST_CHANGE_STATE, PENDING, 2, JUSTIFICATION,2
705253,Question_Content,1, 1, Question_Title_FOR_TEST_CHANGE_STATE, PENDING, 2, JUSTIFICATION,2
705356,Question_Content,1, 1, Question_Title_FOR_TEST_CHANGE_STATE, PENDING, 2, JUSTIFICATION,2
705460,Question_Content,1, 1, Question_Title_FOR_TEST_CHANGE_STATE, PENDING, 2, JUSTIFICATION,2
705565,Question_Content,1, 1, Question_Title_FOR_TEST_CHANGE_STATE, PENDING, 2, JUSTIFICATION,2
705671,Question_Content,1, 1, Question_Title_FOR_TEST_CHANGE_STATE, PENDING, 2, JUSTIFICATION,2
705778,Question_Content,1, 1, Question_Title_FOR_TEST_CHANGE_STATE, PENDING, 2, JUSTIFICATION,2
705886,Question_Content,1, 1, Question_Title_FOR_TEST_CHANGE_STATE, PENDING, 2, JUSTIFICATION,2
705995,Question_Content,1, 1, Question_Title_FOR_TEST_CHANGE_STATE, PENDING, 2, JUSTIFICATION,2
706105,Question_Content,1, 1, Question_Title_FOR_TEST_CHANGE_STATE, PENDING, 2, JUSTIFICATION,2
706216,Question_Content,1, 1, Question_Title_FOR_TEST_CHANGE_STATE, PENDING, 2, JUSTIFICATION,2
706328,Question_Content,1, 1, Question_Title_FOR_TEST_CHANGE_STATE, PENDING, 2, JUSTIFICATION,2
706441,Question_Content,1, 1, Question_Title_FOR_TEST_CHANGE_STATE, PENDING, 2, JUSTIFICATION,2
706555,Question_Content,1, 1, Question_Title_FOR_TEST_CHANGE_STATE, PENDING, 2, JUSTIFICATION,2
706670,Question_Content,1, 1, Question_Title_FOR_TEST_CHANGE_STATE, PENDING, 2, JUSTIFICATION,2
706786,Question_Content,1, 1, Question_Title_FOR_TEST_CHANGE_STATE, PENDING, 2, JUSTIFICATION,2
706903,Question_Content,1, 1, Question_Title_FOR_TEST_CHANGE_STATE, PENDING, 2, JUSTIFICATION,2
707021,Question_Content,1, 1, Question_Title_FOR_TEST_CHANGE_STATE, PENDING, 2, JUSTIFICATION,2
707140,Question_Content,1, 1, Question_Title_FOR_TEST_CHANGE_STATE, PENDING, 2, JUSTIFICATION,2
707260,Question_Content,1, 1, Question_Title_FOR_TEST_CHANGE_STATE, PENDING, 2, JUSTIFICATION,2
707381,Question_Content,1, 1, Question_Title_FOR_TEST_CHANGE_STATE, PENDING, 2, JUSTIFICATION,2
707503,Question_Content,1, 1, Question_Title_FOR_TEST_CHANGE_STATE, PENDING, 2, JUSTIFICATION,2
707626,Question_Content,1, 1, Question_Title_FOR_TEST_CHANGE_STATE, PENDING, 2, JUSTIFICATION,2
707750,Question_Content,1, 1, Question_Title_FOR_TEST_CHANGE_STATE, PENDING, 2, JUSTIFICATION,2
707875,Question_Content,1, 1, Question_Title_FOR_TEST_CHANGE_STATE, PENDING, 2, JUSTIFICATION,2
708001,Question_Content,1, 1, Question_Title_FOR_TEST_CHANGE_STATE, PENDING, 2, JUSTIFICATION,2
708128,Question_Content,1, 1, Question_Title_FOR_TEST_CHANGE_STATE, PENDING, 2, JUSTIFICATION,2
708256,Question_Content,1, 1, Question_Title_FOR_TEST_CHANGE_STATE, PENDING, 2, JUSTIFICATION,2
708385,Question_Content,1, 1, Question_Title_FOR_TEST_CHANGE_STATE, PENDING, 2, JUSTIFICATION,2
708515,Question_Content,1, 1, Question_Title_FOR_TEST_CHANGE_STATE, PENDING, 2, JUSTIFICATION,2
708646,Question_Content,1, 1, Question_Title_FOR_TEST_CHANGE_STATE, PENDING, 2, JUSTIFICATION,2
708778,Question_Content,1, 1, Question_Title_FOR_TEST_CHANGE_STATE, PENDING, 2, JUSTIFICATION,2
708911,Question_Content,1, 1, Question_Title_FOR_TEST_CHANGE_STATE, PENDING, 2, JUSTIFICATION,2
709045,Question_Content,1, 1, Question_Title_FOR_TEST_CHANGE_STATE, PENDING, 2, JUSTIFICATION,2
709180,Question_Content,1, 1, Question_Title_FOR_TEST_CHANGE_STATE, PENDING, 2, JUSTIFICATION,2
709316,Question_Content,1, 1, Question_Title_FOR_TEST_CHANGE_STATE, PENDING, 2, JUSTIFICATION,2
709453,Question_Content,1, 1, Question_Title_FOR_TEST_CHANGE_STATE, PENDING, 2, JUSTIFICATION,2
709591,Question_Content,1, 1, Question_Title_FOR_TEST_CHANGE_STATE, PENDING, 2, JUSTIFICATION,2
709730,Question_Content,1, 1, Question_Title_FOR_TEST_CHANGE_STATE, PENDING, 2, JUSTIFICATION,2
709870,Question_Content,1, 1, Question_Title_FOR_TEST_CHANGE_STATE, PENDING, 2, JUSTIFICATION,2
710011,Question_Content,1, 1, Question_Title_FOR_TEST_CHANGE_STATE, PENDING, 2, JUSTIFICATION,2
710153,Question_Content,1, 1, Question_Title_FOR_TEST_CHANGE_STATE, PENDING, 2, JUSTIFICATION,2
710296,Question_Content,1, 1, Question_Title_FOR_TEST_CHANGE_STATE, PENDING, 2, JUSTIFICATION,2
710440,Question_Content,1, 1, Question_Title_FOR_TEST_CHANGE_STATE, PENDING, 2, JUSTIFICATION,2
710585,Question_Content,1, 1, Question_Title_FOR_TEST_CHANGE_STATE, PENDING, 2, JUSTIFICATION,2
710731,Question_Content,1, 1, Question_Title_FOR_TEST_CHANGE_STATE, PENDING, 2, JUSTIFICATION,2
710878,Question_Content,1, 1, Question_Title_FOR_TEST_CHANGE_STATE, PENDING, 2, JUSTIFICATION,2
711026,Question_Content,1, 1, Question_Title_FOR_TEST_CHANGE_STATE, PENDING, 2, JUSTIFICATION,2
711175,Question_Content,1, 1, Question_Title_FOR_TEST_CHANGE_STATE, PENDING, 2, JUSTIFICATION,2
711325,Question_Content,1, 1, Question_Title_FOR_TEST_CHANGE_STATE, PENDING, 2, JUSTIFICATION,2
711476,Question_Content,1, 1, Question_Title_FOR_TEST_CHANGE_STATE, PENDING, 2, JUSTIFICATION,2
711628,Question_Content,1, 1, Question_Title_FOR_TEST_CHANGE_STATE, PENDING, 2, JUSTIFICATION,2
711781,Question_Content,1, 1, Question_Title_FOR_TEST_CHANGE_STATE, PENDING, 2, JUSTIFICATION,2
711935,Question_Content,1, 1, Question_Title_FOR_TEST_CHANGE_STATE, PENDING, 2, JUSTIFICATION,2
712090,Question_Content,1, 1, Question_Title_FOR_TEST_CHANGE_STATE, PENDING, 2, JUSTIFICATION,2
712246,Question_Content,1, 1, Question_Title_FOR_TEST_CHANGE_STATE, PENDING, 2, JUSTIFICATION,2
712403,Question_Content,1, 1, Question_Title_FOR_TEST_CHANGE_STATE, PENDING, 2, JUSTIFICATION,2
712561,Question_Content,1, 1, Question_Title_FOR_TEST_CHANGE_STATE, PENDING, 2, JUSTIFICATION,2
712720,Question_Content,1, 1, Question_Title_FOR_TEST_CHANGE_STATE, PENDING, 2, JUSTIFICATION,2
712880,Question_Content,1, 1, Question_Title_FOR_TEST_CHANGE_STATE, PENDING, 2, JUSTIFICATION,2
713041,Question_Content,1, 1, Question_Title_FOR_TEST_CHANGE_STATE, PENDING, 2, JUSTIFICATION,2
713203,Question_Content,1, 1, Question_Title_FOR_TEST_CHANGE_STATE, PENDING, 2, JUSTIFICATION,2
713366,Question_Content,1, 1, Question_Title_FOR_TEST_CHANGE_STATE, PENDING, 2, JUSTIFICATION,2
713530,Question_Content,1, 1, Question_Title_FOR_TEST_CHANGE_STATE, PENDING, 2, JUSTIFICATION,2
713695,Question_Content,1, 1, Question_Title_FOR_TEST_CHANGE_STATE, PENDING, 2, JUSTIFICATION,2
713861,Question_Content,1, 1, Question_Title_FOR_TEST_CHANGE_STATE, PENDING, 2, JUSTIFICATION,2
714028,Question_Content,1, 1, Question_Title_FOR_TEST_CHANGE_STATE, PENDING, 2, JUSTIFICATION,2
714196,Question_Content,1, 1, Question_Title_FOR_TEST_CHANGE_STATE, PENDING, 2, JUSTIFICATION,2
714365,Question_Content,1, 1, Question_Title_FOR_TEST_CHANGE_STATE, PENDING, 2, JUSTIFICATION,2
714535,Question_Content,1, 1, Question_Title_FOR_TEST_CHANGE_STATE, PENDING, 2, JUSTIFICATION,2
714706,Question_Content,1, 1, Question_Title_FOR_TEST_CHANGE_STATE, PENDING, 2, JUSTIFICATION,2
714878,Question_Content,1, 1, Question_Title_FOR_TEST_CHANGE_STATE, PENDING, 2, JUSTIFICATION,2
715051,Question_Content,1, 1, Question_Title_FOR_TEST_CHANGE_STATE, PENDING, 2, JUSTIFICATION,2
715225,Question_Content,1, 1, Question_Title_FOR_TEST_CHANGE_STATE, PENDING, 2, JUSTIFICATION,2
715400,Question_Content,1, 1, Question_Title_FOR_TEST_CHANGE_STATE, PENDING, 2, JUSTIFICATION,2
715576,Question_Content,1, 1, Question_Title_FOR_TEST_CHANGE_STATE, PENDING, 2, JUSTIFICATION,2
715753,Question_Content,1, 1, Question_Title_FOR_TEST_CHANGE_STATE, PENDING, 2, JUSTIFICATION,2
715931,Question_Content,1, 1, Question_Title_FOR_TEST_CHANGE_STATE, PENDING, 2, JUSTIFICATION,2
716110,Question_Content,1, 1, Question_Title_FOR_TEST_CHANGE_STATE, PENDING, 2, JUSTIFICATION,2
716290,Question_Content,1, 1, Question_Title_FOR_TEST_CHANGE_STATE, PENDING, 2, JUSTIFICATION,2
716471,Question_Content,1, 1, Question_Title_FOR_TEST_CHANGE_STATE, PENDING, 2, JUSTIFICATION,2
716653,Question_Content,1, 1, Question_Title_FOR_TEST_CHANGE_STATE, PENDING, 2, JUSTIFICATION,2
716836,Question_Content,1, 1, Question_Title_FOR_TEST_CHANGE_STATE, PENDING, 2, JUSTIFICATION,2
717020,Question_Content,1, 1, Question_Title_FOR_TEST_CHANGE_STATE, PENDING, 2, JUSTIFICATION,2
717205,Question_Content,1, 1, Question_Title_FOR_TEST_CHANGE_STATE, PENDING, 2, JUSTIFICATION,2
717391,Question_Content,1, 1, Question_Title_FOR_TEST_CHANGE_STATE, PENDING, 2, JUSTIFICATION,2
717578,Question_Content,1, 1, Question_Title_FOR_TEST_CHANGE_STATE, PENDING, 2, JUSTIFICATION,2
717766,Question_Content,1, 1, Question_Title_FOR_TEST_CHANGE_STATE, PENDING, 2, JUSTIFICATION,2
717955,Question_Content,1, 1, Question_Title_FOR_TEST_CHANGE_STATE, PENDING, 2, JUSTIFICATION,2
718145,Question_Content,1, 1, Question_Title_FOR_TEST_CHANGE_STATE, PENDING, 2, JUSTIFICATION,2
718336,Question_Content,1, 1, Question_Title_FOR_TEST_CHANGE_STATE, PENDING, 2, JUSTIFICATION,2
718528,Question_Content,1, 1, Question_Title_FOR_TEST_CHANGE_STATE, PENDING, 2, JUSTIFICATION,2
718721,Question_Content,1, 1, Question_Title_FOR_TEST_CHANGE_STATE, PENDING, 2, JUSTIFICATION,2
718915,Question_Content,1, 1, Question_Title_FOR_TEST_CHANGE_STATE, PENDING, 2, JUSTIFICATION,2
719110,Question_Content,1, 1, Question_Title_FOR_TEST_CHANGE_STATE, PENDING, 2, JUSTIFICATION,2
719306,Question_Content,1, 1, Question_Title_FOR_TEST_CHANGE_STATE, PENDING, 2, JUSTIFICATION,2
719503,Question_Content,1, 1, Question_Title_FOR_TEST_CHANGE_STATE, PENDING, 2, JUSTIFICATION,2
719701,Question_Content,1, 1, Question_Title_FOR_TEST_CHANGE_STATE, PENDING, 2, JUSTIFICATION,2
719900,Question_Content,1, 1, Question_Title_FOR_TEST_CHANGE_STATE, PENDING, 2, JUSTIFICATION,2
720100,Question_Content,1, 1, Question_Title_FOR_TEST_CHANGE_STATE, PENDING, 2, JUSTIFICATION,2
720301,Question_Content,1, 1, Question_Title_FOR_TEST_CHANGE_STATE, PENDING, 2, JUSTIFICATION,2
720503,Question_Content,1, 1, Question_Title_FOR_TEST_CHANGE_STATE, PENDING, 2, JUSTIFICATION,2
720706,Question_Content,1, 1, Question_Title_FOR_TEST_CHANGE_STATE, PENDING, 2, JUSTIFICATION,2
720910,Question_Content,1, 1, Question_Title_FOR_TEST_CHANGE_STATE, PENDING, 2, JUSTIFICATION,2
721115,Question_Content,1, 1, Question_Title_FOR_TEST_CHANGE_STATE, PENDING, 2, JUSTIFICATION,2
721321,Question_Content,1, 1, Question_Title_FOR_TEST_CHANGE_STATE, PENDING, 2, JUSTIFICATION,2
721528,Question_Content,1, 1, Question_Title_FOR_TEST_CHANGE_STATE, PENDING, 2, JUSTIFICATION,2
721736,Question_Content,1, 1, Question_Title_FOR_TEST_CHANGE_STATE, PENDING, 2, JUSTIFICATION,2
721945,Question_Content,1, 1, Question_Title_FOR_TEST_CHANGE_STATE, PENDING, 2, JUSTIFICATION,2
722155,Question_Content,1, 1, Question_Title_FOR_TEST_CHANGE_STATE, PENDING, 2, JUSTIFICATION,2
722366,Question_Content,1, 1, Question_Title_FOR_TEST_CHANGE_STATE, PENDING, 2, JUSTIFICATION,2
722578,Question_Content,1, 1, Question_Title_FOR_TEST_CHANGE_STATE, PENDING, 2, JUSTIFICATION,2
722791,Question_Content,1, 1, Question_Title_FOR_TEST_CHANGE_STATE, PENDING, 2, JUSTIFICATION,2
723005,Question_Content,1, 1, Question_Title_FOR_TEST_CHANGE_STATE, PENDING, 2, JUSTIFICATION,2
723220,Question_Content,1, 1, Question_Title_FOR_TEST_CHANGE_STATE, PENDING, 2, JUSTIFICATION,2
723436,Question_Content,1, 1, Question_Title_FOR_TEST_CHANGE_STATE, PENDING, 2, JUSTIFICATION,2
723653,Question_Content,1, 1, Question_Title_FOR_TEST_CHANGE_STATE, PENDING, 2, JUSTIFICATION,2
723871,Question_Content,1, 1, Question_Title_FOR_TEST_CHANGE_STATE, PENDING, 2, JUSTIFICATION,2
724090,Question_Content,1, 1, Question_Title_FOR_TEST_CHANGE_STATE, PENDING, 2, JUSTIFICATION,2
724310,Question_Content,1, 1, Question_Title_FOR_TEST_CHANGE_STATE, PENDING, 2, JUSTIFICATION,2
724531,Question_Content,1, 1, Question_Title_FOR_TEST_CHANGE_STATE, PENDING, 2, JUSTIFICATION,2
724753,Question_Content,1, 1, Question_Title_FOR_TEST_CHANGE_STATE, PENDING, 2, JUSTIFICATION,2
724976,Question_Content,1, 1, Question_Title_FOR_TEST_CHANGE_STATE, PENDING, 2, JUSTIFICATION,2
725200,Question_Content,1, 1, Question_Title_FOR_TEST_CHANGE_STATE, PENDING, 2, JUSTIFICATION,2
725425,Question_Content,1, 1, Question_Title_FOR_TEST_CHANGE_STATE, PENDING, 2, JUSTIFICATION,2
725651,Question_Content,1, 1, Question_Title_FOR_TEST_CHANGE_STATE, PENDING, 2, JUSTIFICATION,2
725878,Question_Content,1, 1, Question_Title_FOR_TEST_CHANGE_STATE, PENDING, 2, JUSTIFICATION,2
726106,Question_Content,1, 1, Question_Title_FOR_TEST_CHANGE_STATE, PENDING, 2, JUSTIFICATION,2
726335,Question_Content,1, 1, Question_Title_FOR_TEST_CHANGE_STATE, PENDING, 2, JUSTIFICATION,2
726565,Question_Content,1, 1, Question_Title_FOR_TEST_CHANGE_STATE, PENDING, 2, JUSTIFICATION,2
726796,Question_Content,1, 1, Question_Title_FOR_TEST_CHANGE_STATE, PENDING, 2, JUSTIFICATION,2
727028,Question_Content,1, 1, Question_Title_FOR_TEST_CHANGE_STATE, PENDING, 2, JUSTIFICATION,2
727261,Question_Content,1, 1, Question_Title_FOR_TEST_CHANGE_STATE, PENDING, 2, JUSTIFICATION,2
727495,Question_Content,1, 1, Question_Title_FOR_TEST_CHANGE_STATE, PENDING, 2, JUSTIFICATION,2
727730,Question_Content,1, 1, Question_Title_FOR_TEST_CHANGE_STATE, PENDING, 2, JUSTIFICATION,2
727966,Question_Content,1, 1, Question_Title_FOR_TEST_CHANGE_STATE, PENDING, 2, JUSTIFICATION,2
728203,Question_Content,1, 1, Question_Title_FOR_TEST_CHANGE_STATE, PENDING, 2, JUSTIFICATION,2
728441,Question_Content,1, 1, Question_Title_FOR_TEST_CHANGE_STATE, PENDING, 2, JUSTIFICATION,2
728680,Question_Content,1, 1, Question_Title_FOR_TEST_CHANGE_STATE, PENDING, 2, JUSTIFICATION,2
728920,Question_Content,1, 1, Question_Title_FOR_TEST_CHANGE_STATE, PENDING, 2, JUSTIFICATION,2
729161,Question_Content,1, 1, Question_Title_FOR_TEST_CHANGE_STATE, PENDING, 2, JUSTIFICATION,2
729403,Question_Content,1, 1, Question_Title_FOR_TEST_CHANGE_STATE, PENDING, 2, JUSTIFICATION,2
729646,Question_Content,1, 1, Question_Title_FOR_TEST_CHANGE_STATE, PENDING, 2, JUSTIFICATION,2
729890,Question_Content,1, 1, Question_Title_FOR_TEST_CHANGE_STATE, PENDING, 2, JUSTIFICATION,2
730135,Question_Content,1, 1, Question_Title_FOR_TEST_CHANGE_STATE, PENDING, 2, JUSTIFICATION,2
730381,Question_Content,1, 1, Question_Title_FOR_TEST_CHANGE_STATE, PENDING, 2, JUSTIFICATION,2
730628,Question_Content,1, 1, Question_Title_FOR_TEST_CHANGE_STATE, PENDING, 2, JUSTIFICATION,2
730876,Question_Content,1, 1, Question_Title_FOR_TEST_CHANGE_STATE, PENDING, 2, JUSTIFICATION,2
731125,Question_Content,1, 1, Question_Title_FOR_TEST_CHANGE_STATE, PENDING, 2, JUSTIFICATION,2
731375,Question_Content,1, 1, Question_Title_FOR_TEST_CHANGE_STATE, PENDING, 2, JUSTIFICATION,2
731626,Question_Content,1, 1, Question_Title_FOR_TEST_CHANGE_STATE, PENDING, 2, JUSTIFICATION,2
