TILE 1,DESCRIPTION 1,1
TILE 2,DESCRIPTION 2,2
TILE 3,DESCRIPTION 3,3
TILE 4,DESCRIPTION 4,4
TILE 5,DESCRIPTION 5,5
TILE 6,DESCRIPTION 6,6
TILE 7,DESCRIPTION 7,7
TILE 8,DESCRIPTION 8,8
TILE 9,DESCRIPTION 9,9
TILE 10,DESCRIPTION 10,10
TILE 11,DESCRIPTION 11,11
TILE 12,DESCRIPTION 12,12
TILE 13,DESCRIPTION 13,13
TILE 14,DESCRIPTION 14,14
TILE 15,DESCRIPTION 15,15
TILE 16,DESCRIPTION 16,16
TILE 17,DESCRIPTION 17,17
TILE 18,DESCRIPTION 18,18
TILE 19,DESCRIPTION 19,19
TILE 20,DESCRIPTION 20,20
TILE 21,DESCRIPTION 21,21
TILE 22,DESCRIPTION 22,22
TILE 23,DESCRIPTION 23,23
TILE 24,DESCRIPTION 24,24
TILE 25,DESCRIPTION 25,25
TILE 26,DESCRIPTION 26,26
TILE 27,DESCRIPTION 27,27
TILE 28,DESCRIPTION 28,28
TILE 29,DESCRIPTION 29,29
TILE 30,DESCRIPTION 30,30
TILE 31,DESCRIPTION 31,31
TILE 32,DESCRIPTION 32,32
TILE 33,DESCRIPTION 33,33
TILE 34,DESCRIPTION 34,34
TILE 35,DESCRIPTION 35,35
TILE 36,DESCRIPTION 36,36
TILE 37,DESCRIPTION 37,37
TILE 38,DESCRIPTION 38,38
TILE 39,DESCRIPTION 39,39
TILE 40,DESCRIPTION 40,40
TILE 41,DESCRIPTION 41,41
TILE 42,DESCRIPTION 42,42
TILE 43,DESCRIPTION 43,43
TILE 44,DESCRIPTION 44,44
TILE 45,DESCRIPTION 45,45
TILE 46,DESCRIPTION 46,46
TILE 47,DESCRIPTION 47,47
TILE 48,DESCRIPTION 48,48
TILE 49,DESCRIPTION 49,49
TILE 50,DESCRIPTION 50,50
TILE 51,DESCRIPTION 51,51
TILE 52,DESCRIPTION 52,52
TILE 53,DESCRIPTION 53,53
TILE 54,DESCRIPTION 54,54
TILE 55,DESCRIPTION 55,55
TILE 56,DESCRIPTION 56,56
TILE 57,DESCRIPTION 57,57
TILE 58,DESCRIPTION 58,58
TILE 59,DESCRIPTION 59,59
TILE 60,DESCRIPTION 60,60
TILE 61,DESCRIPTION 61,61
TILE 62,DESCRIPTION 62,62
TILE 63,DESCRIPTION 63,63
TILE 64,DESCRIPTION 64,64
TILE 65,DESCRIPTION 65,65
TILE 66,DESCRIPTION 66,66
TILE 67,DESCRIPTION 67,67
TILE 68,DESCRIPTION 68,68
TILE 69,DESCRIPTION 69,69
TILE 70,DESCRIPTION 70,70
TILE 71,DESCRIPTION 71,71
TILE 72,DESCRIPTION 72,72
TILE 73,DESCRIPTION 73,73
TILE 74,DESCRIPTION 74,74
TILE 75,DESCRIPTION 75,75
TILE 76,DESCRIPTION 76,76
TILE 77,DESCRIPTION 77,77
TILE 78,DESCRIPTION 78,78
TILE 79,DESCRIPTION 79,79
TILE 80,DESCRIPTION 80,80
TILE 81,DESCRIPTION 81,81
TILE 82,DESCRIPTION 82,82
TILE 83,DESCRIPTION 83,83
TILE 84,DESCRIPTION 84,84
TILE 85,DESCRIPTION 85,85
TILE 86,DESCRIPTION 86,86
TILE 87,DESCRIPTION 87,87
TILE 88,DESCRIPTION 88,88
TILE 89,DESCRIPTION 89,89
TILE 90,DESCRIPTION 90,90
TILE 91,DESCRIPTION 91,91
TILE 92,DESCRIPTION 92,92
TILE 93,DESCRIPTION 93,93
TILE 94,DESCRIPTION 94,94
TILE 95,DESCRIPTION 95,95
TILE 96,DESCRIPTION 96,96
TILE 97,DESCRIPTION 97,97
TILE 98,DESCRIPTION 98,98
TILE 99,DESCRIPTION 99,99
TILE 100,DESCRIPTION 100,100
