TITLE:0,DESCRIPTION:0,OPEN
TITLE:1,DESCRIPTION:1,OPEN
TITLE:2,DESCRIPTION:2,OPEN
TITLE:3,DESCRIPTION:3,OPEN
TITLE:4,DESCRIPTION:4,OPEN
TITLE:5,DESCRIPTION:5,OPEN
TITLE:6,DESCRIPTION:6,OPEN
TITLE:7,DESCRIPTION:7,OPEN
TITLE:8,DESCRIPTION:8,OPEN
TITLE:9,DESCRIPTION:9,OPEN
TITLE:10,DESCRIPTION:10,OPEN
TITLE:11,DESCRIPTION:11,OPEN
TITLE:12,DESCRIPTION:12,OPEN
TITLE:13,DESCRIPTION:13,OPEN
TITLE:14,DESCRIPTION:14,OPEN
TITLE:15,DESCRIPTION:15,OPEN
TITLE:16,DESCRIPTION:16,OPEN
TITLE:17,DESCRIPTION:17,OPEN
TITLE:18,DESCRIPTION:18,OPEN
TITLE:19,DESCRIPTION:19,OPEN
TITLE:20,DESCRIPTION:20,OPEN
TITLE:21,DESCRIPTION:21,OPEN
TITLE:22,DESCRIPTION:22,OPEN
TITLE:23,DESCRIPTION:23,OPEN
TITLE:24,DESCRIPTION:24,OPEN
TITLE:25,DESCRIPTION:25,OPEN
TITLE:26,DESCRIPTION:26,OPEN
TITLE:27,DESCRIPTION:27,OPEN
TITLE:28,DESCRIPTION:28,OPEN
TITLE:29,DESCRIPTION:29,OPEN
TITLE:30,DESCRIPTION:30,OPEN
TITLE:31,DESCRIPTION:31,OPEN
TITLE:32,DESCRIPTION:32,OPEN
TITLE:33,DESCRIPTION:33,OPEN
TITLE:34,DESCRIPTION:34,OPEN
TITLE:35,DESCRIPTION:35,OPEN
TITLE:36,DESCRIPTION:36,OPEN
TITLE:37,DESCRIPTION:37,OPEN
TITLE:38,DESCRIPTION:38,OPEN
TITLE:39,DESCRIPTION:39,OPEN
TITLE:40,DESCRIPTION:40,OPEN
TITLE:41,DESCRIPTION:41,OPEN
TITLE:42,DESCRIPTION:42,OPEN
TITLE:43,DESCRIPTION:43,OPEN
TITLE:44,DESCRIPTION:44,OPEN
TITLE:45,DESCRIPTION:45,OPEN
TITLE:46,DESCRIPTION:46,OPEN
TITLE:47,DESCRIPTION:47,OPEN
TITLE:48,DESCRIPTION:48,OPEN
TITLE:49,DESCRIPTION:49,OPEN
TITLE:50,DESCRIPTION:50,OPEN
TITLE:51,DESCRIPTION:51,OPEN
TITLE:52,DESCRIPTION:52,OPEN
TITLE:53,DESCRIPTION:53,OPEN
TITLE:54,DESCRIPTION:54,OPEN
TITLE:55,DESCRIPTION:55,OPEN
TITLE:56,DESCRIPTION:56,OPEN
TITLE:57,DESCRIPTION:57,OPEN
TITLE:58,DESCRIPTION:58,OPEN
TITLE:59,DESCRIPTION:59,OPEN
TITLE:60,DESCRIPTION:60,OPEN
TITLE:61,DESCRIPTION:61,OPEN
TITLE:62,DESCRIPTION:62,OPEN
TITLE:63,DESCRIPTION:63,OPEN
TITLE:64,DESCRIPTION:64,OPEN
TITLE:65,DESCRIPTION:65,OPEN
TITLE:66,DESCRIPTION:66,OPEN
TITLE:67,DESCRIPTION:67,OPEN
TITLE:68,DESCRIPTION:68,OPEN
TITLE:69,DESCRIPTION:69,OPEN
TITLE:70,DESCRIPTION:70,OPEN
TITLE:71,DESCRIPTION:71,OPEN
TITLE:72,DESCRIPTION:72,OPEN
TITLE:73,DESCRIPTION:73,OPEN
TITLE:74,DESCRIPTION:74,OPEN
TITLE:75,DESCRIPTION:75,OPEN
TITLE:76,DESCRIPTION:76,OPEN
TITLE:77,DESCRIPTION:77,OPEN
TITLE:78,DESCRIPTION:78,OPEN
TITLE:79,DESCRIPTION:79,OPEN
TITLE:80,DESCRIPTION:80,OPEN
TITLE:81,DESCRIPTION:81,OPEN
TITLE:82,DESCRIPTION:82,OPEN
TITLE:83,DESCRIPTION:83,OPEN
TITLE:84,DESCRIPTION:84,OPEN
TITLE:85,DESCRIPTION:85,OPEN
TITLE:86,DESCRIPTION:86,OPEN
TITLE:87,DESCRIPTION:87,OPEN
TITLE:88,DESCRIPTION:88,OPEN
TITLE:89,DESCRIPTION:89,OPEN
TITLE:90,DESCRIPTION:90,OPEN
TITLE:91,DESCRIPTION:91,OPEN
TITLE:92,DESCRIPTION:92,OPEN
TITLE:93,DESCRIPTION:93,OPEN
TITLE:94,DESCRIPTION:94,OPEN
TITLE:95,DESCRIPTION:95,OPEN
TITLE:96,DESCRIPTION:96,OPEN
TITLE:97,DESCRIPTION:97,OPEN
TITLE:98,DESCRIPTION:98,OPEN
TITLE:99,DESCRIPTION:99,OPEN
