CLARIFICATION ANSWER 1,1
CLARIFICATION ANSWER 2,2
CLARIFICATION ANSWER 3,3
CLARIFICATION ANSWER 4,4
CLARIFICATION ANSWER 5,5
CLARIFICATION ANSWER 6,6
CLARIFICATION ANSWER 7,7
CLARIFICATION ANSWER 8,8
CLARIFICATION ANSWER 9,9
CLARIFICATION ANSWER 10,10
CLARIFICATION ANSWER 11,11
CLARIFICATION ANSWER 12,12
CLARIFICATION ANSWER 13,13
CLARIFICATION ANSWER 14,14
CLARIFICATION ANSWER 15,15
CLARIFICATION ANSWER 16,16
CLARIFICATION ANSWER 17,17
CLARIFICATION ANSWER 18,18
CLARIFICATION ANSWER 19,19
CLARIFICATION ANSWER 20,20
CLARIFICATION ANSWER 21,21
CLARIFICATION ANSWER 22,22
CLARIFICATION ANSWER 23,23
CLARIFICATION ANSWER 24,24
CLARIFICATION ANSWER 25,25
CLARIFICATION ANSWER 26,26
CLARIFICATION ANSWER 27,27
CLARIFICATION ANSWER 28,28
CLARIFICATION ANSWER 29,29
CLARIFICATION ANSWER 30,30
CLARIFICATION ANSWER 31,31
CLARIFICATION ANSWER 32,32
CLARIFICATION ANSWER 33,33
CLARIFICATION ANSWER 34,34
CLARIFICATION ANSWER 35,35
CLARIFICATION ANSWER 36,36
CLARIFICATION ANSWER 37,37
CLARIFICATION ANSWER 38,38
CLARIFICATION ANSWER 39,39
CLARIFICATION ANSWER 40,40
CLARIFICATION ANSWER 41,41
CLARIFICATION ANSWER 42,42
CLARIFICATION ANSWER 43,43
CLARIFICATION ANSWER 44,44
CLARIFICATION ANSWER 45,45
CLARIFICATION ANSWER 46,46
CLARIFICATION ANSWER 47,47
CLARIFICATION ANSWER 48,48
CLARIFICATION ANSWER 49,49
CLARIFICATION ANSWER 50,50
CLARIFICATION ANSWER 51,51
CLARIFICATION ANSWER 52,52
CLARIFICATION ANSWER 53,53
CLARIFICATION ANSWER 54,54
CLARIFICATION ANSWER 55,55
CLARIFICATION ANSWER 56,56
CLARIFICATION ANSWER 57,57
CLARIFICATION ANSWER 58,58
CLARIFICATION ANSWER 59,59
CLARIFICATION ANSWER 60,60
CLARIFICATION ANSWER 61,61
CLARIFICATION ANSWER 62,62
CLARIFICATION ANSWER 63,63
CLARIFICATION ANSWER 64,64
CLARIFICATION ANSWER 65,65
CLARIFICATION ANSWER 66,66
CLARIFICATION ANSWER 67,67
CLARIFICATION ANSWER 68,68
CLARIFICATION ANSWER 69,69
CLARIFICATION ANSWER 70,70
CLARIFICATION ANSWER 71,71
CLARIFICATION ANSWER 72,72
CLARIFICATION ANSWER 73,73
CLARIFICATION ANSWER 74,74
CLARIFICATION ANSWER 75,75
CLARIFICATION ANSWER 76,76
CLARIFICATION ANSWER 77,77
CLARIFICATION ANSWER 78,78
CLARIFICATION ANSWER 79,79
CLARIFICATION ANSWER 80,80
CLARIFICATION ANSWER 81,81
CLARIFICATION ANSWER 82,82
CLARIFICATION ANSWER 83,83
CLARIFICATION ANSWER 84,84
CLARIFICATION ANSWER 85,85
CLARIFICATION ANSWER 86,86
CLARIFICATION ANSWER 87,87
CLARIFICATION ANSWER 88,88
CLARIFICATION ANSWER 89,89
CLARIFICATION ANSWER 90,90
CLARIFICATION ANSWER 91,91
CLARIFICATION ANSWER 92,92
CLARIFICATION ANSWER 93,93
CLARIFICATION ANSWER 94,94
CLARIFICATION ANSWER 95,95
CLARIFICATION ANSWER 96,96
CLARIFICATION ANSWER 97,97
CLARIFICATION ANSWER 98,98
CLARIFICATION ANSWER 99,99
CLARIFICATION ANSWER 100,100
